station,date,temp_c,wind_speed_kph,visibility_km,weather_code
KATL,2025-03-01 00:00:00,17.2,129.6,16.0,Clear
KATL,2025-03-01 00:52:00,16.7,75.6,16.1,Clear
KATL,2025-03-01 01:52:00,15.6,93.6,16.1,Clear
KATL,2025-03-01 02:52:00,14.4,111.6,16.1,Clear
KATL,2025-03-01 03:00:00,14.4,111.6,16.0,Clear
KATL,2025-03-01 03:52:00,14.4,129.6,16.1,Clear
KATL,2025-03-01 04:52:00,13.3,129.6,16.1,Clear
KATL,2025-03-01 04:59:00,999.9,35996.4,1000.0,Clear
KATL,2025-03-01 04:59:00,999.9,35996.4,1000.0,Clear
KATL,2025-03-01 05:52:00,14.4,147.6,16.1,Clear
KATL,2025-03-01 06:00:00,14.4,147.6,16.0,Clear
KATL,2025-03-01 06:52:00,13.9,147.6,16.1,Clear
KATL,2025-03-01 07:52:00,12.2,165.6,16.1,Clear
KATL,2025-03-01 08:52:00,12.2,129.6,16.1,Clear
KATL,2025-03-01 09:00:00,12.2,129.6,16.0,Clear
KATL,2025-03-01 09:52:00,10.6,129.6,16.1,Clear
KATL,2025-03-01 10:52:00,10.0,147.6,16.1,Clear
KATL,2025-03-01 11:52:00,9.4,147.6,16.1,Clear
KATL,2025-03-01 12:00:00,9.4,147.6,16.0,Clear
KATL,2025-03-01 12:52:00,10.6,165.6,16.1,Clear
KATL,2025-03-01 13:52:00,13.3,147.6,16.1,Clear
KATL,2025-03-01 14:52:00,16.1,223.2,16.1,Clear
KATL,2025-03-01 15:00:00,16.1,223.2,16.0,Clear
KATL,2025-03-01 15:52:00,17.8,165.6,16.1,Clear
KATL,2025-03-01 16:52:00,20.6,259.2,16.1,Clear
KATL,2025-03-01 17:52:00,22.8,277.2,16.1,Clear
KATL,2025-03-01 18:00:00,22.8,277.2,16.0,Clear
KATL,2025-03-01 18:52:00,22.8,295.2,16.1,Clear
KATL,2025-03-01 19:52:00,23.3,388.8,16.1,Clear
KATL,2025-03-01 20:52:00,22.2,334.8,16.1,Clear
KATL,2025-03-01 21:00:00,22.2,334.8,16.0,Clear
KATL,2025-03-01 21:52:00,21.1,406.8,16.1,Clear
KATL,2025-03-01 22:52:00,18.9,241.2,16.1,Clear
KATL,2025-03-01 23:52:00,16.7,316.8,16.1,Clear
KATL,2025-03-02 00:00:00,16.7,316.8,16.0,Clear
KATL,2025-03-02 00:52:00,15.6,259.2,16.1,Clear
KATL,2025-03-02 01:52:00,13.9,334.8,16.1,Clear
KATL,2025-03-02 02:52:00,11.7,316.8,16.1,Clear
KATL,2025-03-02 03:00:00,11.7,316.8,16.0,Clear
KATL,2025-03-02 03:52:00,9.4,241.2,16.1,Clear
KATL,2025-03-02 04:52:00,7.8,259.2,16.1,Clear
KATL,2025-03-02 04:59:00,999.9,35996.4,1000.0,Clear
KATL,2025-03-02 05:52:00,6.7,259.2,16.1,Clear
KATL,2025-03-02 06:00:00,6.7,259.2,16.0,Clear
KATL,2025-03-02 06:52:00,5.6,259.2,16.1,Clear
KATL,2025-03-02 07:52:00,5.0,183.6,16.1,Clear
KATL,2025-03-02 08:52:00,3.9,147.6,16.1,Clear
KATL,2025-03-02 09:00:00,3.9,147.6,16.0,Clear
KATL,2025-03-02 09:52:00,2.8,129.6,16.1,Clear
KATL,2025-03-02 10:52:00,2.8,147.6,16.1,Clear
KATL,2025-03-02 11:52:00,2.2,165.6,16.1,Clear
KATL,2025-03-02 12:00:00,2.2,165.6,16.0,Clear
KATL,2025-03-02 12:52:00,2.2,183.6,16.1,Clear
KATL,2025-03-02 13:52:00,3.3,183.6,16.1,Clear
KATL,2025-03-02 14:52:00,3.9,111.6,16.1,Clear
KATL,2025-03-02 15:00:00,3.9,111.6,16.0,Clear
KATL,2025-03-02 15:52:00,6.1,93.6,16.1,Clear
KATL,2025-03-02 16:52:00,8.3,75.6,16.1,Clear
KATL,2025-03-02 17:52:00,10.0,54.0,16.1,Clear
KATL,2025-03-02 18:00:00,10.0,54.0,16.0,Clear
KATL,2025-03-02 18:52:00,11.7,54.0,16.1,Clear
KATL,2025-03-02 19:52:00,13.3,93.6,16.1,Clear
KATL,2025-03-02 20:52:00,13.3,111.6,16.1,Clear
KATL,2025-03-02 21:00:00,13.3,111.6,16.0,Clear
KATL,2025-03-02 21:52:00,13.9,129.6,16.1,Clear
KATL,2025-03-02 22:52:00,12.8,129.6,16.1,Clear
KATL,2025-03-02 23:52:00,10.0,111.6,16.1,Clear
KATL,2025-03-03 00:00:00,10.0,111.6,16.0,Clear
KATL,2025-03-03 00:52:00,10.0,129.6,16.1,Clear
KATL,2025-03-03 01:52:00,8.3,129.6,16.1,Clear
KATL,2025-03-03 02:52:00,8.3,165.6,16.1,Clear
KATL,2025-03-03 03:00:00,8.3,165.6,16.0,Clear
KATL,2025-03-03 03:52:00,7.2,129.6,16.1,Clear
KATL,2025-03-03 04:52:00,5.6,54.0,16.1,Clear
KATL,2025-03-03 04:59:00,999.9,35996.4,1000.0,Clear
KATL,2025-03-03 05:52:00,4.4,75.6,16.1,Clear
KATL,2025-03-03 06:00:00,4.4,75.6,16.0,Clear
KATL,2025-03-03 06:52:00,3.9,75.6,16.1,Clear
KATL,2025-03-03 07:52:00,3.3,111.6,16.1,Clear
KATL,2025-03-03 08:52:00,3.3,75.6,16.1,Clear
KATL,2025-03-03 09:00:00,3.3,75.6,16.0,Clear
KATL,2025-03-03 09:52:00,2.8,75.6,16.1,Clear
KATL,2025-03-03 10:52:00,3.3,93.6,16.1,Clear
KATL,2025-03-03 11:52:00,4.4,75.6,16.1,Clear
KATL,2025-03-03 12:00:00,4.4,75.6,16.0,Clear
KATL,2025-03-03 12:52:00,5.6,54.0,16.1,Clear
KATL,2025-03-03 13:52:00,7.8,75.6,16.1,Clear
KATL,2025-03-03 14:52:00,9.4,75.6,16.1,Clear
KATL,2025-03-03 15:00:00,9.4,75.6,16.0,Clear
KATL,2025-03-03 15:52:00,11.7,75.6,16.1,Clear
KATL,2025-03-03 16:52:00,13.3,165.6,16.1,Clear
KATL,2025-03-03 17:52:00,15.0,75.6,16.1,Clear
KATL,2025-03-03 18:00:00,15.0,75.6,16.0,Clear
KATL,2025-03-03 18:52:00,15.6,54.0,16.1,Clear
KATL,2025-03-03 19:52:00,16.7,129.6,16.1,Clear
KATL,2025-03-03 20:52:00,17.8,75.6,16.1,Clear
KATL,2025-03-03 21:00:00,17.8,75.6,16.0,Clear
KATL,2025-03-03 21:52:00,17.2,111.6,16.1,Clear
KATL,2025-03-03 22:52:00,16.7,129.6,16.1,Clear
KATL,2025-03-03 23:52:00,14.4,129.6,16.1,Clear
KATL,2025-03-04 00:00:00,14.0,129.6,16.0,Clear
KATL,2025-03-04 00:52:00,13.3,93.6,16.1,Clear
KATL,2025-03-04 01:52:00,12.2,93.6,16.1,Clear
KATL,2025-03-04 02:52:00,10.6,93.6,16.1,Clear
KATL,2025-03-04 03:00:00,10.6,93.6,16.0,Clear
KATL,2025-03-04 03:52:00,10.0,75.6,16.1,Clear
KATL,2025-03-04 04:52:00,8.9,75.6,16.1,Clear
KATL,2025-03-04 04:59:00,999.9,35996.4,1000.0,Clear
KATL,2025-03-04 05:52:00,8.3,75.6,16.1,Clear
KATL,2025-03-04 06:00:00,8.3,75.6,16.0,Clear
KATL,2025-03-04 06:52:00,7.8,111.6,16.1,Clear
KATL,2025-03-04 07:52:00,7.2,111.6,16.1,Clear
KATL,2025-03-04 08:52:00,7.2,111.6,16.1,Clear
KATL,2025-03-04 09:00:00,7.2,111.6,16.0,Clear
KATL,2025-03-04 09:52:00,7.8,129.6,16.1,Clear
KATL,2025-03-04 10:48:00,8.0,129.6,16.1,Clear
KATL,2025-03-04 10:52:00,7.8,129.6,16.1,Clear
KATL,2025-03-04 11:02:00,7.8,129.6,16.1,Clear
KATL,2025-03-04 11:52:00,8.3,183.6,16.1,Clear
KATL,2025-03-04 12:00:00,8.3,183.6,16.0,Clear
KATL,2025-03-04 12:52:00,8.3,183.6,16.1,Clear
KATL,2025-03-04 13:46:00,10.0,165.6,16.1,Clear
KATL,2025-03-04 13:52:00,10.0,147.6,16.1,Clear
KATL,2025-03-04 14:52:00,11.7,183.6,16.1,Clear
KATL,2025-03-04 15:00:00,11.7,183.6,16.0,Clear
KATL,2025-03-04 15:52:00,13.9,165.6,16.1,Clear
KATL,2025-03-04 16:52:00,16.7,183.6,16.1,Clear
KATL,2025-03-04 17:52:00,17.2,223.2,16.1,Clear
KATL,2025-03-04 18:00:00,17.2,223.2,16.0,Clear
KATL,2025-03-04 18:38:00,19.4,316.8,16.1,Clear
KATL,2025-03-04 18:52:00,18.9,259.2,16.1,Clear
KATL,2025-03-04 19:52:00,21.7,241.2,16.1,Clear
KATL,2025-03-04 20:52:00,21.7,295.2,16.1,Clear
KATL,2025-03-04 21:00:00,21.7,295.2,16.0,Clear
KATL,2025-03-04 21:52:00,21.7,295.2,16.1,Clear
KATL,2025-03-04 22:52:00,21.1,352.8,16.1,Clear
KATL,2025-03-04 23:52:00,20.6,295.2,16.1,Clear
KATL,2025-03-05 00:00:00,20.6,295.2,16.0,Clear
KATL,2025-03-05 00:52:00,20.0,259.2,16.1,Clear
KATL,2025-03-05 01:52:00,20.0,259.2,16.1,Clear
KATL,2025-03-05 02:52:00,19.4,295.2,16.1,Clear
KATL,2025-03-05 03:00:00,19.4,295.2,16.0,Clear
KATL,2025-03-05 03:52:00,18.9,295.2,16.1,Clear
KATL,2025-03-05 04:52:00,18.3,352.8,16.1,Clear
KATL,2025-03-05 04:59:00,999.9,35996.4,1000.0,Clear
KATL,2025-03-05 05:52:00,16.7,370.8,8.0,Clear
KATL,2025-03-05 06:00:00,16.7,370.8,8.0,Clear
KATL,2025-03-05 06:25:00,16.1,316.8,9.7,Clear
KATL,2025-03-05 06:52:00,16.1,352.8,8.0,Clear
KATL,2025-03-05 07:03:00,15.6,277.2,8.0,Clear
KATL,2025-03-05 07:20:00,15.6,334.8,3.2,Clear
KATL,2025-03-05 07:25:00,15.0,295.2,1.6,Clear
KATL,2025-03-05 07:31:00,15.0,259.2,4.8,Clear
KATL,2025-03-05 07:40:00,14.4,295.2,6.4,Clear
KATL,2025-03-05 07:52:00,13.9,241.2,4.8,Clear
KATL,2025-03-05 08:07:00,12.8,183.6,4.8,Clear
KATL,2025-03-05 08:52:00,11.7,129.6,6.4,Clear
KATL,2025-03-05 09:00:00,11.7,129.6,6.0,Clear
KATL,2025-03-05 09:52:00,11.1,165.6,16.1,Clear
KATL,2025-03-05 10:50:00,11.0,129.6,16.1,Clear
KATL,2025-03-05 10:52:00,10.6,129.6,16.1,Clear
KATL,2025-03-05 11:52:00,10.0,165.6,16.1,Clear
KATL,2025-03-05 12:00:00,10.0,165.6,16.0,Clear
KATL,2025-03-05 12:39:00,10.0,165.6,16.1,Clear
KATL,2025-03-05 12:52:00,10.6,183.6,16.1,Clear
KATL,2025-03-05 12:57:00,10.6,147.6,16.1,Clear
KATL,2025-03-05 13:41:00,11.1,205.2,16.1,Clear
KATL,2025-03-05 13:52:00,11.1,241.2,16.1,Clear
KATL,2025-03-05 14:50:00,12.0,147.6,16.1,Clear
KATL,2025-03-05 14:52:00,11.7,165.6,16.1,Clear
KATL,2025-03-05 15:00:00,11.7,165.6,16.0,Clear
KATL,2025-03-05 15:52:00,12.8,147.6,16.1,Clear
KATL,2025-03-05 16:46:00,13.0,223.2,16.1,Clear
KATL,2025-03-05 16:52:00,13.3,205.2,16.1,Clear
KATL,2025-03-05 17:52:00,13.9,277.2,16.1,Clear
KATL,2025-03-05 18:00:00,13.9,277.2,16.0,Clear
KATL,2025-03-05 18:52:00,13.9,316.8,16.1,Clear
KATL,2025-03-05 19:52:00,12.8,295.2,16.1,Clear
KATL,2025-03-05 20:52:00,11.7,334.8,16.1,Clear
KATL,2025-03-05 21:00:00,11.7,334.8,16.0,Clear
KATL,2025-03-05 21:52:00,11.1,277.2,16.1,Clear
KATL,2025-03-05 22:52:00,9.4,316.8,14.5,Clear
KATL,2025-03-05 23:52:00,7.8,241.2,16.1,Clear
KATL,2025-03-06 00:00:00,7.8,241.2,16.0,Clear
KATL,2025-03-06 00:52:00,7.2,295.2,16.1,Clear
KATL,2025-03-06 01:52:00,5.6,241.2,14.5,Clear
KATL,2025-03-06 02:52:00,6.1,165.6,16.1,Clear
KATL,2025-03-06 03:00:00,6.1,165.6,16.0,Clear
KATL,2025-03-06 03:52:00,5.0,352.8,16.1,Clear
KATL,2025-03-06 04:50:00,5.0,388.8,16.1,Clear
KATL,2025-03-06 04:52:00,5.0,316.8,16.1,Clear
KATL,2025-03-06 04:59:00,999.9,35996.4,1000.0,Clear
KATL,2025-03-06 05:52:00,5.0,334.8,16.1,Clear
KATL,2025-03-06 06:00:00,5.0,334.8,16.0,Clear
KATL,2025-03-06 06:48:00,5.0,259.2,16.1,Clear
KATL,2025-03-06 06:52:00,5.0,259.2,16.1,Clear
KATL,2025-03-06 07:52:00,4.4,388.8,16.1,Clear
KATL,2025-03-06 08:52:00,3.9,370.8,16.1,Clear
KATL,2025-03-06 09:00:00,3.9,370.8,16.0,Clear
KATL,2025-03-06 09:52:00,3.3,370.8,16.1,Clear
KATL,2025-03-06 10:52:00,3.3,316.8,16.1,Clear
KATL,2025-03-06 11:52:00,2.8,295.2,16.1,Clear
KATL,2025-03-06 12:00:00,2.8,295.2,16.0,Clear
KATL,2025-03-06 12:52:00,3.3,241.2,16.1,Clear
KATL,2025-03-06 13:52:00,5.0,241.2,16.1,Clear
KATL,2025-03-06 14:52:00,6.7,277.2,16.1,Clear
KATL,2025-03-06 15:00:00,6.7,277.2,16.0,Clear
KATL,2025-03-06 15:52:00,8.3,259.2,16.1,Clear
KATL,2025-03-06 16:52:00,9.4,316.8,16.1,Clear
KATL,2025-03-06 17:52:00,11.1,334.8,16.1,Clear
KATL,2025-03-06 18:00:00,11.1,334.8,16.0,Clear
KATL,2025-03-06 18:52:00,12.2,277.2,16.1,Clear
KATL,2025-03-06 19:52:00,12.8,295.2,16.1,Clear
KATL,2025-03-06 20:52:00,13.3,295.2,16.1,Clear
KATL,2025-03-06 21:00:00,13.3,295.2,16.0,Clear
KATL,2025-03-06 21:52:00,12.8,241.2,16.1,Clear
KATL,2025-03-06 22:52:00,11.7,259.2,16.1,Clear
KATL,2025-03-06 23:52:00,10.0,223.2,16.1,Clear
KATL,2025-03-07 00:00:00,10.0,223.2,16.0,Clear
KATL,2025-03-07 00:52:00,8.9,147.6,16.1,Clear
KATL,2025-03-07 01:52:00,8.3,147.6,16.1,Clear
KATL,2025-03-07 02:52:00,7.8,111.6,16.1,Clear
KATL,2025-03-07 03:00:00,7.8,111.6,16.0,Clear
KATL,2025-03-07 03:52:00,7.2,129.6,16.1,Clear
KATL,2025-03-07 04:52:00,6.1,111.6,16.1,Clear
KATL,2025-03-07 04:59:00,999.9,35996.4,1000.0,Clear
KATL,2025-03-07 05:52:00,5.6,111.6,16.1,Clear
KATL,2025-03-07 06:00:00,5.6,111.6,16.0,Clear
KATL,2025-03-07 06:52:00,5.0,54.0,16.1,Clear
KATL,2025-03-07 07:52:00,4.4,54.0,16.1,Clear
KATL,2025-03-07 08:52:00,5.0,93.6,16.1,Clear
KATL,2025-03-07 09:00:00,5.0,93.6,16.0,Clear
KATL,2025-03-07 09:52:00,4.4,93.6,16.1,Clear
KATL,2025-03-07 10:52:00,3.9,111.6,16.1,Clear
KATL,2025-03-07 11:52:00,3.9,93.6,16.1,Clear
KATL,2025-03-07 12:00:00,3.9,93.6,16.0,Clear
KATL,2025-03-07 12:52:00,5.0,129.6,16.1,Clear
KATL,2025-03-07 13:52:00,8.9,93.6,16.1,Clear
KATL,2025-03-07 14:52:00,11.1,75.6,16.1,Clear
KATL,2025-03-07 15:00:00,11.1,75.6,16.0,Clear
KATL,2025-03-07 15:52:00,13.3,0.0,16.1,Clear
KATL,2025-03-07 16:52:00,15.0,183.6,16.1,Clear
KATL,2025-03-07 17:52:00,16.1,0.0,16.1,Clear
KATL,2025-03-07 18:00:00,16.1,0.0,16.0,Clear
KATL,2025-03-07 18:52:00,17.8,165.6,16.1,Clear
KATL,2025-03-07 19:52:00,18.9,277.2,16.1,Clear
KATL,2025-03-07 20:52:00,19.4,205.2,16.1,Clear
KATL,2025-03-07 21:00:00,19.4,205.2,16.0,Clear
KATL,2025-03-07 21:52:00,19.4,165.6,16.1,Clear
KATL,2025-03-07 22:52:00,18.9,165.6,16.1,Clear
KATL,2025-03-07 23:52:00,17.2,129.6,16.1,Clear
KATL,2025-03-08 00:00:00,17.2,129.6,16.0,Clear
KATL,2025-03-08 00:52:00,16.1,93.6,16.1,Clear
KATL,2025-03-08 01:52:00,15.0,93.6,16.1,Clear
KATL,2025-03-08 02:52:00,13.9,111.6,16.1,Clear
KATL,2025-03-08 03:00:00,13.9,111.6,16.0,Clear
KATL,2025-03-08 03:52:00,13.3,111.6,16.1,Clear
KATL,2025-03-08 04:52:00,13.3,183.6,16.1,Clear
KATL,2025-03-08 04:59:00,999.9,35996.4,1000.0,Clear
KATL,2025-03-08 05:52:00,13.9,223.2,16.1,Clear
KATL,2025-03-08 06:00:00,13.9,223.2,16.0,Clear
KATL,2025-03-08 06:52:00,14.4,205.2,16.1,Clear
KATL,2025-03-08 07:52:00,13.9,241.2,16.1,Clear
KATL,2025-03-08 08:52:00,13.9,205.2,16.1,Clear
KATL,2025-03-08 09:00:00,13.9,205.2,16.0,Clear
KATL,2025-03-08 09:52:00,13.9,205.2,16.1,Clear
KATL,2025-03-08 10:45:00,14.4,147.6,16.1,Clear
KATL,2025-03-08 10:52:00,14.4,223.2,16.1,Clear
KATL,2025-03-08 11:13:00,13.9,147.6,16.1,Clear
KATL,2025-03-08 11:30:00,13.9,165.6,16.1,Clear
KATL,2025-03-08 11:52:00,14.4,147.6,16.1,Clear
KATL,2025-03-08 12:00:00,14.4,147.6,16.0,Clear
KATL,2025-03-08 12:12:00,14.4,147.6,16.1,Clear
KATL,2025-03-08 12:22:00,14.4,147.6,16.1,Clear
KATL,2025-03-08 12:52:00,15.0,111.6,16.1,Clear
KATL,2025-03-08 13:52:00,17.8,165.6,16.1,Clear
KATL,2025-03-08 14:52:00,19.4,147.6,16.1,Clear
KATL,2025-03-08 15:00:00,19.4,147.6,16.0,Clear
KATL,2025-03-08 15:52:00,21.1,259.2,16.1,Clear
KATL,2025-03-08 16:52:00,22.2,223.2,16.1,Clear
KATL,2025-03-08 17:52:00,22.8,259.2,16.1,Clear
KATL,2025-03-08 18:00:00,22.8,259.2,16.0,Clear
KATL,2025-03-08 18:52:00,23.3,295.2,16.1,Clear
KATL,2025-03-08 19:52:00,23.9,241.2,16.1,Clear
KATL,2025-03-08 20:52:00,22.2,295.2,16.1,Clear
KATL,2025-03-08 21:00:00,22.2,295.2,16.0,Clear
KATL,2025-03-08 21:52:00,21.7,277.2,16.1,Clear
KATL,2025-03-08 22:52:00,20.0,205.2,16.1,Clear
KATL,2025-03-08 23:52:00,18.3,111.6,16.1,Clear
KATL,2025-03-09 00:00:00,18.3,111.6,16.0,Clear
KATL,2025-03-09 00:52:00,17.8,147.6,16.1,Clear
KATL,2025-03-09 01:52:00,17.2,54.0,16.1,Clear
KATL,2025-03-09 02:52:00,16.7,111.6,16.1,Clear
KATL,2025-03-09 03:00:00,16.7,111.6,16.0,Clear
KATL,2025-03-09 03:52:00,15.6,111.6,16.1,Clear
KATL,2025-03-09 04:52:00,14.4,205.2,16.1,Clear
KATL,2025-03-09 04:59:00,999.9,35996.4,1000.0,Clear
KATL,2025-03-09 05:52:00,13.9,147.6,16.1,Clear
KATL,2025-03-09 06:00:00,13.9,147.6,16.0,Clear
KATL,2025-03-09 06:52:00,13.9,147.6,16.1,Clear
KATL,2025-03-09 07:52:00,13.3,147.6,16.1,Clear
KATL,2025-03-09 08:52:00,13.3,0.0,16.1,Clear
KATL,2025-03-09 09:00:00,13.3,0.0,16.0,Clear
KATL,2025-03-09 09:52:00,12.8,75.6,16.1,Clear
KATL,2025-03-09 10:52:00,11.7,165.6,16.1,Clear
KATL,2025-03-09 11:52:00,11.7,165.6,16.1,Clear
KATL,2025-03-09 12:00:00,11.7,165.6,16.0,Clear
KATL,2025-03-09 12:52:00,11.7,241.2,16.1,Clear
KATL,2025-03-09 13:52:00,12.2,241.2,16.1,Clear
KATL,2025-03-09 14:52:00,10.6,129.6,9.7,Clear
KATL,2025-03-09 15:00:00,10.6,129.6,9.0,Clear
KATL,2025-03-09 15:52:00,8.9,147.6,9.7,Clear
KATL,2025-03-09 16:52:00,8.9,165.6,9.7,Clear
KATL,2025-03-09 17:52:00,8.9,183.6,12.9,Clear
KATL,2025-03-09 18:00:00,8.9,183.6,12.0,Clear
KATL,2025-03-09 18:09:00,9.4,183.6,12.9,Clear
KATL,2025-03-09 18:52:00,9.4,129.6,14.5,Clear
KATL,2025-03-09 19:52:00,9.4,183.6,9.7,Clear
KATL,2025-03-09 20:52:00,8.9,205.2,12.9,Clear
KATL,2025-03-09 21:00:00,8.9,205.2,12.0,Clear
KATL,2025-03-09 21:45:00,9.4,183.6,16.1,Clear
KATL,2025-03-09 21:52:00,9.4,183.6,16.1,Clear
KATL,2025-03-09 22:52:00,9.4,223.2,16.1,Clear
KATL,2025-03-09 23:20:00,9.4,165.6,16.1,Clear
KATL,2025-03-09 23:52:00,9.4,129.6,16.1,Clear
KATL,2025-03-10 00:00:00,9.4,129.6,16.0,Clear
KATL,2025-03-10 00:40:00,9.4,93.6,16.1,Clear
KATL,2025-03-10 00:52:00,9.4,165.6,16.1,Clear
KATL,2025-03-10 01:52:00,9.4,129.6,16.1,Clear
KATL,2025-03-10 02:52:00,9.4,129.6,16.1,Clear
KATL,2025-03-10 03:00:00,9.4,129.6,16.0,Clear
KATL,2025-03-10 03:47:00,9.0,165.6,16.1,Clear
KATL,2025-03-10 03:52:00,9.4,165.6,16.1,Clear
KATL,2025-03-10 04:52:00,9.4,93.6,16.1,Clear
KATL,2025-03-10 04:59:00,999.9,35996.4,1000.0,Clear
KATL,2025-03-10 05:17:00,8.9,165.6,16.1,Clear
KATL,2025-03-10 05:47:00,9.0,165.6,16.1,Clear
KATL,2025-03-10 05:52:00,9.4,205.2,16.1,Clear
KATL,2025-03-10 06:52:00,9.4,147.6,16.1,Clear
KATL,2025-03-10 07:52:00,9.4,75.6,16.1,Clear
KATL,2025-03-10 08:21:00,8.9,165.6,6.4,Clear
KATL,2025-03-10 08:52:00,8.9,147.6,12.9,Clear
KATL,2025-03-10 09:00:00,8.9,147.6,12.0,Clear
KATL,2025-03-10 09:24:00,8.3,183.6,12.9,Clear
KATL,2025-03-10 09:38:00,8.3,205.2,14.5,Clear
KATL,2025-03-10 09:52:00,8.3,241.2,14.5,Clear
KATL,2025-03-10 10:16:00,8.3,165.6,14.5,Clear
KATL,2025-03-10 10:52:00,7.8,205.2,14.5,Clear
KATL,2025-03-10 11:14:00,7.8,259.2,14.5,Clear
KATL,2025-03-10 11:52:00,7.8,147.6,12.9,Clear
KATL,2025-03-10 12:00:00,7.8,147.6,12.0,Clear
KATL,2025-03-10 12:04:00,7.8,129.6,16.1,Clear
KATL,2025-03-10 12:18:00,7.8,205.2,6.4,Clear
KATL,2025-03-10 12:52:00,7.2,205.2,4.8,Clear
KATL,2025-03-10 13:25:00,7.2,183.6,9.7,Clear
KATL,2025-03-10 13:52:00,7.2,147.6,6.4,Clear
KATL,2025-03-10 14:00:00,7.2,111.6,6.4,Clear
KATL,2025-03-10 14:29:00,7.2,129.6,9.7,Clear
KATL,2025-03-10 14:50:00,8.0,147.6,9.7,Clear
KATL,2025-03-10 14:52:00,7.8,147.6,9.7,Clear
KATL,2025-03-10 15:00:00,7.8,147.6,9.0,Clear
KATL,2025-03-10 15:52:00,7.8,147.6,9.7,Clear
KATL,2025-03-10 16:52:00,8.3,165.6,12.9,Clear
KATL,2025-03-10 17:39:00,8.9,223.2,14.5,Clear
KATL,2025-03-10 17:52:00,8.9,205.2,11.3,Clear
KATL,2025-03-10 18:00:00,8.9,205.2,11.0,Clear
KATL,2025-03-10 18:40:00,8.9,205.2,14.5,Clear
KATL,2025-03-10 18:50:00,9.0,165.6,16.1,Clear
KATL,2025-03-10 18:52:00,9.4,165.6,16.1,Clear
KATL,2025-03-10 19:52:00,11.1,183.6,16.1,Clear
KATL,2025-03-10 20:52:00,11.7,183.6,16.1,Clear
KATL,2025-03-10 21:00:00,11.7,183.6,16.0,Clear
KATL,2025-03-10 21:52:00,12.8,93.6,16.1,Clear
KATL,2025-03-10 22:52:00,12.2,54.0,16.1,Clear
KATL,2025-03-10 23:52:00,11.1,54.0,16.1,Clear
KATL,2025-03-11 00:00:00,11.1,54.0,16.0,Clear
KATL,2025-03-11 00:52:00,10.0,75.6,16.1,Clear
KATL,2025-03-11 01:52:00,8.3,93.6,16.1,Clear
KATL,2025-03-11 02:52:00,8.3,93.6,16.1,Clear
KATL,2025-03-11 03:00:00,8.3,93.6,16.0,Clear
KATL,2025-03-11 03:52:00,8.3,111.6,16.1,Clear
KATL,2025-03-11 04:52:00,7.8,111.6,16.1,Clear
KATL,2025-03-11 04:59:00,999.9,35996.4,1000.0,Clear
KATL,2025-03-11 05:52:00,7.2,93.6,16.1,Clear
KATL,2025-03-11 06:00:00,7.2,93.6,16.0,Clear
KATL,2025-03-11 06:52:00,6.7,93.6,16.1,Clear
KATL,2025-03-11 07:52:00,6.7,93.6,16.1,Clear
KATL,2025-03-11 08:52:00,6.1,165.6,16.1,Clear
KATL,2025-03-11 09:00:00,6.1,165.6,16.0,Clear
KATL,2025-03-11 09:52:00,6.1,129.6,16.1,Clear
KATL,2025-03-11 10:52:00,6.1,147.6,16.1,Clear
KATL,2025-03-11 11:52:00,6.1,183.6,16.1,Clear
KATL,2025-03-11 12:00:00,6.1,183.6,16.0,Clear
KATL,2025-03-11 12:52:00,8.3,147.6,16.1,Clear
KATL,2025-03-11 13:52:00,12.2,111.6,16.1,Clear
KATL,2025-03-11 14:52:00,14.4,111.6,16.1,Clear
KATL,2025-03-11 15:00:00,14.4,111.6,16.0,Clear
KATL,2025-03-11 15:52:00,17.8,93.6,16.1,Clear
KATL,2025-03-11 16:52:00,19.4,111.6,16.1,Clear
KATL,2025-03-11 17:52:00,21.1,147.6,16.1,Clear
KATL,2025-03-11 18:00:00,21.1,147.6,16.0,Clear
KATL,2025-03-11 18:52:00,22.8,147.6,16.1,Clear
KATL,2025-03-11 19:52:00,23.9,147.6,16.1,Clear
KATL,2025-03-11 20:52:00,23.9,111.6,16.1,Clear
KATL,2025-03-11 21:00:00,23.9,111.6,16.0,Clear
KATL,2025-03-11 21:52:00,23.9,147.6,16.1,Clear
KATL,2025-03-11 22:52:00,22.8,129.6,16.1,Clear
KATL,2025-03-11 23:52:00,20.6,93.6,16.1,Clear
KATL,2025-03-12 00:00:00,20.6,93.6,16.0,Clear
KATL,2025-03-12 00:52:00,18.3,75.6,16.1,Clear
KATL,2025-03-12 01:52:00,16.7,54.0,16.1,Clear
KATL,2025-03-12 02:52:00,15.6,93.6,16.1,Clear
KATL,2025-03-12 03:00:00,15.6,93.6,16.0,Clear
KATL,2025-03-12 03:52:00,14.4,111.6,16.1,Clear
KATL,2025-03-12 04:52:00,14.4,93.6,16.1,Clear
KATL,2025-03-12 04:59:00,999.9,35996.4,1000.0,Clear
KATL,2025-03-12 05:52:00,14.4,111.6,16.1,Clear
KATL,2025-03-12 06:00:00,14.4,111.6,16.0,Clear
KATL,2025-03-12 06:52:00,12.8,75.6,16.1,Clear
KATL,2025-03-12 07:52:00,11.1,0.0,16.1,Clear
KATL,2025-03-12 08:52:00,11.1,0.0,16.1,Clear
KATL,2025-03-12 09:00:00,11.1,0.0,16.0,Clear
KATL,2025-03-12 09:52:00,9.4,54.0,16.1,Clear
KATL,2025-03-12 10:52:00,10.0,54.0,16.1,Clear
KATL,2025-03-12 11:52:00,9.4,75.6,16.1,Clear
KATL,2025-03-12 12:00:00,9.4,75.6,16.0,Clear
KATL,2025-03-12 12:52:00,10.6,75.6,16.1,Clear
KATL,2025-03-12 13:52:00,15.0,75.6,16.1,Clear
KATL,2025-03-12 14:52:00,18.9,129.6,16.1,Clear
KATL,2025-03-12 15:00:00,18.9,129.6,16.0,Clear
KATL,2025-03-12 15:52:00,21.1,147.6,16.1,Clear
KATL,2025-03-12 16:52:00,22.2,111.6,16.1,Clear
KATL,2025-03-12 17:52:00,23.3,205.2,16.1,Clear
KATL,2025-03-12 18:00:00,23.3,205.2,16.0,Clear
KATL,2025-03-12 18:52:00,23.3,165.6,16.1,Clear
KATL,2025-03-12 19:52:00,23.9,165.6,16.1,Clear
KATL,2025-03-12 20:52:00,24.4,165.6,16.1,Clear
KATL,2025-03-12 21:52:00,23.3,165.6,16.1,Clear
KATL,2025-03-12 22:52:00,23.3,183.6,16.1,Clear
KATL,2025-03-12 23:52:00,21.1,93.6,16.1,Clear
KATL,2025-03-13 00:00:00,21.1,93.6,16.0,Clear
KATL,2025-03-13 00:52:00,20.0,111.6,16.1,Clear
KATL,2025-03-13 01:52:00,18.3,93.6,16.1,Clear
KATL,2025-03-13 02:52:00,16.7,93.6,16.1,Clear
KATL,2025-03-13 03:00:00,16.7,93.6,16.0,Clear
KATL,2025-03-13 03:52:00,16.1,75.6,16.1,Clear
KATL,2025-03-13 04:52:00,15.0,54.0,16.1,Clear
KATL,2025-03-13 04:59:00,999.9,35996.4,1000.0,Clear
KATL,2025-03-13 05:52:00,15.0,93.6,16.1,Clear
KATL,2025-03-13 06:00:00,15.0,93.6,16.0,Clear
KATL,2025-03-13 06:52:00,13.9,111.6,16.1,Clear
KATL,2025-03-13 07:52:00,12.8,93.6,14.5,Clear
KATL,2025-03-13 08:52:00,13.3,93.6,16.1,Clear
KATL,2025-03-13 09:00:00,13.3,93.6,16.0,Clear
KATL,2025-03-13 09:52:00,14.4,147.6,16.1,Clear
KATL,2025-03-13 10:52:00,13.3,75.6,16.1,Clear
KATL,2025-03-13 11:52:00,13.3,111.6,16.1,Clear
KATL,2025-03-13 12:00:00,13.3,111.6,16.0,Clear
KATL,2025-03-13 12:52:00,13.9,129.6,16.1,Clear
KATL,2025-03-13 13:52:00,14.4,93.6,16.1,Clear
KATL,2025-03-13 14:52:00,16.7,93.6,16.1,Clear
KATL,2025-03-13 15:00:00,16.7,93.6,16.0,Clear
KATL,2025-03-13 15:52:00,18.9,165.6,14.5,Clear
KATL,2025-03-13 16:52:00,20.6,205.2,14.5,Clear
KATL,2025-03-13 17:52:00,20.6,165.6,16.1,Clear
KATL,2025-03-13 18:00:00,20.6,165.6,16.0,Clear
KATL,2025-03-13 18:52:00,21.7,205.2,16.1,Clear
KATL,2025-03-13 19:52:00,21.7,147.6,16.1,Clear
KATL,2025-03-13 20:52:00,21.7,165.6,16.1,Clear
KATL,2025-03-13 21:00:00,21.7,165.6,16.0,Clear
KATL,2025-03-13 21:43:00,20.6,165.6,16.1,Clear
KATL,2025-03-13 21:52:00,20.6,129.6,16.1,Clear
KATL,2025-03-13 22:09:00,20.6,147.6,16.1,Clear
KATL,2025-03-13 22:52:00,20.6,111.6,16.1,Clear
KATL,2025-03-13 23:52:00,19.4,54.0,16.1,Clear
KATL,2025-03-14 00:00:00,19.4,54.0,16.0,Clear
KATL,2025-03-14 00:52:00,18.3,54.0,16.1,Clear
KATL,2025-03-14 01:52:00,17.2,54.0,16.1,Clear
KATL,2025-03-14 02:52:00,17.2,54.0,16.1,Clear
KATL,2025-03-14 03:00:00,17.2,54.0,16.0,Clear
KATL,2025-03-14 03:52:00,16.1,75.6,16.1,Clear
KATL,2025-03-14 04:52:00,15.0,93.6,16.1,Clear
KATL,2025-03-14 04:59:00,999.9,35996.4,1000.0,Clear
KATL,2025-03-14 05:52:00,15.6,111.6,16.1,Clear
KATL,2025-03-14 06:00:00,15.6,111.6,16.0,Clear
KATL,2025-03-14 06:52:00,15.6,93.6,16.1,Clear
KATL,2025-03-14 07:52:00,15.0,75.6,16.1,Clear
KATL,2025-03-14 08:52:00,14.4,75.6,16.1,Clear
KATL,2025-03-14 09:00:00,14.4,75.6,16.0,Clear
KATL,2025-03-14 09:52:00,13.3,54.0,16.1,Clear
KATL,2025-03-14 10:52:00,13.9,75.6,16.1,Clear
KATL,2025-03-14 11:52:00,13.3,0.0,16.1,Clear
KATL,2025-03-14 12:00:00,13.3,0.0,16.0,Clear
KATL,2025-03-14 12:52:00,14.4,54.0,16.1,Clear
KATL,2025-03-14 13:26:00,14.4,93.6,14.5,Clear
KATL,2025-03-14 13:52:00,15.6,54.0,14.5,Clear
KATL,2025-03-14 14:52:00,18.3,75.6,16.1,Clear
KATL,2025-03-14 15:00:00,18.3,75.6,16.0,Clear
KATL,2025-03-14 15:52:00,20.0,54.0,16.1,Clear
KATL,2025-03-14 16:52:00,21.1,147.6,16.1,Clear
KATL,2025-03-14 17:50:00,23.0,129.6,16.1,Clear
KATL,2025-03-14 17:52:00,23.3,147.6,16.1,Clear
KATL,2025-03-14 18:00:00,23.3,147.6,16.0,Clear
KATL,2025-03-14 18:52:00,22.8,147.6,16.1,Clear
KATL,2025-03-14 19:52:00,23.3,165.6,16.1,Clear
KATL,2025-03-14 20:52:00,23.3,223.2,16.1,Clear
KATL,2025-03-14 21:00:00,23.3,223.2,16.0,Clear
KATL,2025-03-14 21:52:00,22.8,259.2,16.1,Clear
KATL,2025-03-14 22:52:00,22.2,241.2,16.1,Clear
KATL,2025-03-14 23:52:00,20.0,147.6,16.1,Clear
KATL,2025-03-15 00:00:00,20.0,147.6,16.0,Clear
KATL,2025-03-15 00:52:00,18.9,165.6,16.1,Clear
KATL,2025-03-15 01:52:00,18.3,111.6,16.1,Clear
KATL,2025-03-15 02:52:00,17.8,147.6,16.1,Clear
KATL,2025-03-15 03:00:00,17.8,147.6,16.0,Clear
KATL,2025-03-15 03:52:00,17.2,165.6,16.1,Clear
KATL,2025-03-15 04:52:00,18.3,147.6,16.1,Clear
KATL,2025-03-15 04:59:00,999.9,35996.4,1000.0,Clear
KATL,2025-03-15 05:52:00,17.2,129.6,16.1,Clear
KATL,2025-03-15 06:00:00,17.2,129.6,16.0,Clear
KATL,2025-03-15 06:52:00,16.7,111.6,16.1,Clear
KATL,2025-03-15 07:52:00,16.1,129.6,16.1,Clear
KATL,2025-03-15 08:52:00,15.6,147.6,16.1,Clear
KATL,2025-03-15 09:00:00,15.6,147.6,16.0,Clear
KATL,2025-03-15 09:52:00,15.6,165.6,16.1,Clear
KATL,2025-03-15 10:52:00,15.6,165.6,16.1,Clear
KATL,2025-03-15 11:52:00,15.6,111.6,16.1,Clear
KATL,2025-03-15 12:00:00,15.6,111.6,16.0,Clear
KATL,2025-03-15 12:52:00,16.1,241.2,16.1,Clear
KATL,2025-03-15 13:52:00,16.7,147.6,16.1,Clear
KATL,2025-03-15 14:52:00,19.4,165.6,16.1,Clear
KATL,2025-03-15 15:00:00,19.4,165.6,16.0,Clear
KATL,2025-03-15 15:52:00,22.2,316.8,16.1,Clear
KATL,2025-03-15 16:52:00,23.9,352.8,16.1,Clear
KATL,2025-03-15 17:52:00,24.4,334.8,16.1,Clear
KATL,2025-03-15 18:00:00,24.4,334.8,16.0,Clear
KATL,2025-03-15 18:52:00,24.4,277.2,16.1,Clear
KATL,2025-03-15 19:52:00,25.0,277.2,16.1,Clear
KATL,2025-03-15 20:52:00,25.0,334.8,16.1,Clear
KATL,2025-03-15 21:00:00,25.0,334.8,16.0,Clear
KATL,2025-03-15 21:52:00,25.0,388.8,16.1,Clear
KATL,2025-03-15 22:52:00,24.4,205.2,16.1,Clear
KATL,2025-03-15 23:52:00,23.9,277.2,16.1,Clear
KATL,2025-03-16 00:00:00,23.9,277.2,16.0,Clear
KATL,2025-03-16 00:52:00,23.9,316.8,16.1,Clear
KATL,2025-03-16 01:52:00,23.3,388.8,16.1,Clear
KATL,2025-03-16 02:52:00,22.8,334.8,16.1,Clear
KATL,2025-03-16 03:00:00,22.8,334.8,16.0,Clear
KATL,2025-03-16 03:30:00,22.8,388.8,16.1,Clear
KATL,2025-03-16 03:52:00,22.8,482.4,11.3,Clear
KATL,2025-03-16 04:52:00,20.6,334.8,11.3,Clear
KATL,2025-03-16 04:59:00,999.9,35996.4,1000.0,Clear
KATL,2025-03-16 05:31:00,18.9,352.8,3.2,Clear
KATL,2025-03-16 05:35:00,18.9,277.2,8.0,Clear
KATL,2025-03-16 05:52:00,18.9,277.2,8.0,Clear
KATL,2025-03-16 06:00:00,18.9,277.2,8.0,Clear
KATL,2025-03-16 06:10:00,18.3,259.2,2.4,Clear
KATL,2025-03-16 06:16:00,18.3,259.2,4.8,Clear
KATL,2025-03-16 06:27:00,18.3,316.8,4.8,Clear
KATL,2025-03-16 06:38:00,18.3,205.2,12.9,Clear
KATL,2025-03-16 06:49:00,18.0,205.2,12.9,Clear
KATL,2025-03-16 06:52:00,18.0,223.2,12.9,Clear
KATL,2025-03-16 07:18:00,17.8,205.2,11.3,Clear
KATL,2025-03-16 07:30:00,17.8,147.6,9.7,Clear
KATL,2025-03-16 07:52:00,17.8,54.0,9.7,Clear
KATL,2025-03-16 08:05:00,17.8,93.6,12.9,Clear
KATL,2025-03-16 08:15:00,17.8,75.6,12.9,Clear
KATL,2025-03-16 08:52:00,17.8,165.6,12.9,Clear
KATL,2025-03-16 08:58:00,17.8,129.6,16.1,Clear
KATL,2025-03-16 09:00:00,17.8,165.6,12.0,Clear
KATL,2025-03-16 09:52:00,17.2,129.6,16.1,Clear
KATL,2025-03-16 10:52:00,16.7,129.6,16.1,Clear
KATL,2025-03-16 11:52:00,15.6,93.6,11.3,Clear
KATL,2025-03-16 12:00:00,15.6,93.6,11.0,Clear
KATL,2025-03-16 12:17:00,16.1,129.6,11.3,Clear
KATL,2025-03-16 12:52:00,17.2,75.6,14.5,Clear
KATL,2025-03-16 13:28:00,17.8,129.6,14.5,Clear
KATL,2025-03-16 13:52:00,18.3,129.6,14.5,Clear
KATL,2025-03-16 14:03:00,18.3,129.6,14.5,Clear
KATL,2025-03-16 14:22:00,18.3,205.2,14.5,Clear
KATL,2025-03-16 14:52:00,19.4,223.2,16.1,Clear
KATL,2025-03-16 15:00:00,19.4,223.2,16.0,Clear
KATL,2025-03-16 15:03:00,18.3,183.6,16.1,Clear
KATL,2025-03-16 15:52:00,20.6,316.8,16.1,Clear
KATL,2025-03-16 16:52:00,21.7,316.8,16.1,Clear
KATL,2025-03-16 17:52:00,22.8,334.8,16.1,Clear
KATL,2025-03-16 18:00:00,22.8,334.8,16.0,Clear
KATL,2025-03-16 18:52:00,22.8,223.2,16.1,Clear
KATL,2025-03-16 19:52:00,22.2,295.2,16.1,Clear
KATL,2025-03-16 20:52:00,21.7,183.6,16.1,Clear
KATL,2025-03-16 21:00:00,21.7,183.6,16.0,Clear
KATL,2025-03-16 21:52:00,22.2,241.2,16.1,Clear
KATL,2025-03-16 22:52:00,21.1,223.2,16.1,Clear
KATL,2025-03-16 23:52:00,18.9,241.2,16.1,Clear
KATL,2025-03-17 00:00:00,18.9,241.2,16.0,Clear
KATL,2025-03-17 00:52:00,17.2,205.2,16.1,Clear
KATL,2025-03-17 01:52:00,16.1,147.6,16.1,Clear
KATL,2025-03-17 02:52:00,13.9,352.8,16.1,Clear
KATL,2025-03-17 03:00:00,13.9,352.8,16.0,Clear
KATL,2025-03-17 03:52:00,11.7,370.8,16.1,Clear
KATL,2025-03-17 04:52:00,9.4,352.8,16.1,Clear
KATL,2025-03-17 04:59:00,999.9,35996.4,1000.0,Clear
KATL,2025-03-17 05:52:00,8.3,241.2,16.1,Clear
KATL,2025-03-17 06:00:00,8.3,241.2,16.0,Clear
KATL,2025-03-17 06:52:00,7.8,259.2,16.1,Clear
KATL,2025-03-17 07:52:00,7.2,259.2,16.1,Clear
KATL,2025-03-17 08:52:00,6.7,241.2,16.1,Clear
KATL,2025-03-17 09:00:00,6.7,241.2,16.0,Clear
KATL,2025-03-17 09:52:00,6.1,277.2,16.1,Clear
KATL,2025-03-17 10:52:00,6.1,223.2,16.1,Clear
KATL,2025-03-17 11:52:00,5.6,241.2,16.1,Clear
KATL,2025-03-17 12:00:00,5.6,241.2,16.0,Clear
KATL,2025-03-17 12:52:00,6.7,241.2,16.1,Clear
KATL,2025-03-17 13:52:00,7.8,295.2,16.1,Clear
KATL,2025-03-17 14:52:00,10.0,277.2,16.1,Clear
KATL,2025-03-17 15:00:00,10.0,277.2,16.0,Clear
KATL,2025-03-17 15:52:00,10.0,334.8,16.1,Clear
KATL,2025-03-17 16:52:00,11.7,316.8,16.1,Clear
KATL,2025-03-17 17:52:00,13.9,295.2,16.1,Clear
KATL,2025-03-17 18:00:00,13.9,295.2,16.0,Clear
KATL,2025-03-17 18:52:00,15.0,277.2,16.1,Clear
KATL,2025-03-17 19:52:00,16.1,370.8,16.1,Clear
KATL,2025-03-17 20:52:00,16.7,295.2,16.1,Clear
KATL,2025-03-17 21:00:00,16.7,295.2,16.0,Clear
KATL,2025-03-17 21:52:00,16.7,334.8,16.1,Clear
KATL,2025-03-17 22:52:00,15.6,223.2,16.1,Clear
KATL,2025-03-17 23:52:00,14.4,129.6,16.1,Clear
KATL,2025-03-18 00:00:00,14.4,129.6,16.0,Clear
KATL,2025-03-18 00:52:00,12.2,111.6,16.1,Clear
KATL,2025-03-18 01:52:00,11.1,111.6,16.1,Clear
KATL,2025-03-18 02:52:00,10.0,75.6,16.1,Clear
KATL,2025-03-18 03:00:00,10.0,75.6,16.0,Clear
KATL,2025-03-18 03:52:00,9.4,111.6,16.1,Clear
KATL,2025-03-18 04:52:00,8.3,147.6,16.1,Clear
KATL,2025-03-18 04:59:00,999.9,35996.4,1000.0,Clear
KATL,2025-03-18 05:52:00,7.8,93.6,16.1,Clear
KATL,2025-03-18 06:00:00,7.8,93.6,16.0,Clear
KATL,2025-03-18 06:52:00,7.2,75.6,16.1,Clear
KATL,2025-03-18 07:52:00,7.2,75.6,16.1,Clear
KATL,2025-03-18 08:52:00,6.7,93.6,16.1,Clear
KATL,2025-03-18 09:00:00,6.7,93.6,16.0,Clear
KATL,2025-03-18 09:52:00,6.7,93.6,16.1,Clear
KATL,2025-03-18 10:52:00,6.1,93.6,16.1,Clear
KATL,2025-03-18 11:52:00,5.6,93.6,16.1,Clear
KATL,2025-03-18 12:00:00,5.6,93.6,16.0,Clear
KATL,2025-03-18 12:52:00,9.4,75.6,16.1,Clear
KATL,2025-03-18 13:52:00,12.8,75.6,16.1,Clear
KATL,2025-03-18 14:52:00,16.1,111.6,16.1,Clear
KATL,2025-03-18 15:00:00,16.1,111.6,16.0,Clear
KATL,2025-03-18 15:52:00,18.9,93.6,16.1,Clear
KATL,2025-03-18 16:50:00,21.0,93.6,16.1,Clear
KATL,2025-03-18 16:52:00,21.1,93.6,16.1,Clear
KATL,2025-03-18 17:50:00,22.0,93.6,16.1,Clear
KATL,2025-03-18 17:52:00,22.2,93.6,16.1,Clear
KATL,2025-03-18 18:00:00,22.2,93.6,16.0,Clear
KATL,2025-03-18 18:52:00,23.3,93.6,16.1,Clear
KATL,2025-03-18 19:52:00,23.9,129.6,16.1,Clear
KATL,2025-03-18 20:52:00,23.9,129.6,16.1,Clear
KATL,2025-03-18 21:00:00,24.0,129.6,16.0,Clear
KATL,2025-03-18 21:52:00,23.9,205.2,16.1,Clear
KATL,2025-03-18 22:52:00,23.3,147.6,16.1,Clear
KATL,2025-03-18 23:52:00,21.1,111.6,16.1,Clear
KATL,2025-03-19 00:00:00,21.1,111.6,16.0,Clear
KATL,2025-03-19 00:52:00,19.4,93.6,16.1,Clear
KATL,2025-03-19 01:52:00,18.3,111.6,16.1,Clear
KATL,2025-03-19 02:52:00,16.7,75.6,16.1,Clear
KATL,2025-03-19 03:00:00,16.7,75.6,16.0,Clear
KATL,2025-03-19 03:52:00,15.6,75.6,16.1,Clear
KATL,2025-03-19 04:52:00,14.4,75.6,16.1,Clear
KATL,2025-03-19 04:59:00,999.9,35996.4,1000.0,Clear
KATL,2025-03-19 05:52:00,13.9,93.6,16.1,Clear
KATL,2025-03-19 06:00:00,13.9,93.6,16.0,Clear
KATL,2025-03-19 06:52:00,12.8,111.6,16.1,Clear
KATL,2025-03-19 07:52:00,12.8,75.6,16.1,Clear
KATL,2025-03-19 08:52:00,12.2,75.6,16.1,Clear
KATL,2025-03-19 09:00:00,12.2,75.6,16.0,Clear
KATL,2025-03-19 09:52:00,11.7,0.0,16.1,Clear
KATL,2025-03-19 10:52:00,10.6,0.0,16.1,Clear
KATL,2025-03-19 11:52:00,8.9,93.6,16.1,Clear
KATL,2025-03-19 12:00:00,8.9,93.6,16.0,Clear
KATL,2025-03-19 12:52:00,11.1,54.0,16.1,Clear
KATL,2025-03-19 13:52:00,12.8,75.6,16.1,Clear
KATL,2025-03-19 14:52:00,16.1,183.6,16.1,Clear
KATL,2025-03-19 15:00:00,16.1,183.6,16.0,Clear
KATL,2025-03-19 15:52:00,20.0,205.2,16.1,Clear
KATL,2025-03-19 16:52:00,22.2,259.2,16.1,Clear
KATL,2025-03-19 17:52:00,24.4,223.2,16.1,Clear
KATL,2025-03-19 18:00:00,24.4,223.2,16.0,Clear
KATL,2025-03-19 18:52:00,24.4,205.2,16.1,Clear
KATL,2025-03-19 19:52:00,25.0,241.2,16.1,Clear
KATL,2025-03-19 20:52:00,25.6,241.2,16.1,Clear
KATL,2025-03-19 21:00:00,25.6,241.2,16.0,Clear
KATL,2025-03-19 21:52:00,25.0,223.2,16.1,Clear
KATL,2025-03-19 22:52:00,25.0,165.6,16.1,Clear
KATL,2025-03-19 23:52:00,23.9,223.2,16.1,Clear
KATL,2025-03-20 00:00:00,23.9,223.2,16.0,Clear
KATL,2025-03-20 00:52:00,22.2,205.2,16.1,Clear
KATL,2025-03-20 01:52:00,21.1,147.6,16.1,Clear
KATL,2025-03-20 02:52:00,20.6,205.2,16.1,Clear
KATL,2025-03-20 03:00:00,20.6,205.2,16.0,Clear
KATL,2025-03-20 03:52:00,19.4,165.6,16.1,Clear
KATL,2025-03-20 04:52:00,18.3,165.6,16.1,Clear
KATL,2025-03-20 04:59:00,999.9,35996.4,1000.0,Clear
KATL,2025-03-20 05:52:00,17.8,223.2,16.1,Clear
KATL,2025-03-20 06:00:00,17.8,223.2,16.0,Clear
KATL,2025-03-20 06:15:00,18.3,223.2,16.1,Clear
KATL,2025-03-20 06:52:00,17.8,223.2,16.1,Clear
KATL,2025-03-20 07:52:00,17.8,223.2,16.1,Clear
KATL,2025-03-20 08:52:00,17.8,241.2,16.1,Clear
KATL,2025-03-20 09:00:00,17.8,241.2,16.0,Clear
KATL,2025-03-20 09:42:00,13.3,316.8,12.9,Clear
KATL,2025-03-20 09:52:00,13.3,259.2,16.1,Clear
KATL,2025-03-20 10:27:00,13.3,165.6,16.1,Clear
KATL,2025-03-20 10:52:00,13.3,165.6,16.1,Clear
KATL,2025-03-20 11:52:00,13.3,129.6,16.1,Clear
KATL,2025-03-20 12:00:00,13.3,129.6,16.0,Clear
KATL,2025-03-20 12:52:00,13.9,183.6,16.1,Clear
KATL,2025-03-20 13:52:00,13.3,334.8,16.1,Clear
KATL,2025-03-20 14:52:00,13.9,241.2,16.1,Clear
KATL,2025-03-20 15:00:00,13.9,241.2,16.0,Clear
KATL,2025-03-20 15:52:00,13.3,295.2,16.1,Clear
KATL,2025-03-20 16:52:00,12.8,241.2,16.1,Clear
KATL,2025-03-20 17:52:00,12.2,406.8,16.1,Clear
KATL,2025-03-20 18:00:00,12.2,406.8,16.0,Clear
KATL,2025-03-20 18:52:00,10.6,334.8,16.1,Clear
KATL,2025-03-20 19:52:00,10.6,259.2,16.1,Clear
KATL,2025-03-20 20:52:00,10.0,388.8,16.1,Clear
KATL,2025-03-20 21:00:00,10.0,388.8,16.0,Clear
KATL,2025-03-20 21:52:00,9.4,277.2,16.1,Clear
KATL,2025-03-20 22:52:00,8.3,316.8,16.1,Clear
KATL,2025-03-20 23:52:00,7.8,295.2,16.1,Clear
KATL,2025-03-21 00:00:00,7.8,295.2,16.0,Clear
KATL,2025-03-21 00:52:00,7.2,334.8,16.1,Clear
KATL,2025-03-21 01:52:00,6.7,864.0,16.1,Clear
KATL,2025-03-21 02:52:00,6.7,277.2,16.1,Clear
KATL,2025-03-21 03:00:00,6.7,277.2,16.0,Clear
KATL,2025-03-21 03:52:00,6.7,205.2,16.1,Clear
KATL,2025-03-21 04:52:00,5.6,223.2,16.1,Clear
KATL,2025-03-21 04:59:00,999.9,35996.4,1000.0,Clear
KATL,2025-03-21 05:52:00,5.0,223.2,16.1,Clear
KATL,2025-03-21 06:00:00,5.0,223.2,16.0,Clear
KATL,2025-03-21 06:52:00,4.4,205.2,16.1,Clear
KATL,2025-03-21 07:52:00,3.9,183.6,16.1,Clear
KATL,2025-03-21 08:52:00,3.3,147.6,16.1,Clear
KATL,2025-03-21 09:00:00,3.3,147.6,16.0,Clear
KATL,2025-03-21 09:52:00,2.8,147.6,16.1,Clear
KATL,2025-03-21 10:52:00,2.8,147.6,16.1,Clear
KATL,2025-03-21 11:52:00,2.8,129.6,16.1,Clear
KATL,2025-03-21 12:00:00,2.8,129.6,16.0,Clear
KATL,2025-03-21 12:52:00,4.4,165.6,16.1,Clear
KATL,2025-03-21 13:52:00,6.1,183.6,16.1,Clear
KATL,2025-03-21 14:52:00,8.9,205.2,16.1,Clear
KATL,2025-03-21 15:00:00,8.9,205.2,16.0,Clear
KATL,2025-03-21 15:52:00,11.1,183.6,16.1,Clear
KATL,2025-03-21 16:52:00,13.3,93.6,16.1,Clear
KATL,2025-03-21 17:52:00,15.0,93.6,16.1,Clear
KATL,2025-03-21 18:00:00,15.0,93.6,16.0,Clear
KATL,2025-03-21 18:52:00,16.1,129.6,16.1,Clear
KATL,2025-03-21 19:52:00,17.2,111.6,16.1,Clear
KATL,2025-03-21 20:52:00,17.8,147.6,16.1,Clear
KATL,2025-03-21 21:00:00,17.8,147.6,16.0,Clear
KATL,2025-03-21 21:52:00,18.3,93.6,16.1,Clear
KATL,2025-03-21 22:52:00,17.8,111.6,16.1,Clear
KATL,2025-03-21 23:52:00,16.1,129.6,16.1,Clear
KATL,2025-03-22 00:00:00,16.1,129.6,16.0,Clear
KATL,2025-03-22 00:52:00,14.4,75.6,16.1,Clear
KATL,2025-03-22 01:52:00,12.2,54.0,16.1,Clear
KATL,2025-03-22 02:52:00,11.7,93.6,16.1,Clear
KATL,2025-03-22 03:00:00,11.7,93.6,16.0,Clear
KATL,2025-03-22 03:52:00,11.1,93.6,16.1,Clear
KATL,2025-03-22 04:52:00,10.0,93.6,16.1,Clear
KATL,2025-03-22 04:59:00,999.9,35996.4,1000.0,Clear
KATL,2025-03-22 05:52:00,10.0,129.6,16.1,Clear
KATL,2025-03-22 06:00:00,10.0,129.6,16.0,Clear
KATL,2025-03-22 06:52:00,8.9,93.6,16.1,Clear
KATL,2025-03-22 07:52:00,8.3,111.6,16.1,Clear
KATL,2025-03-22 08:52:00,8.9,129.6,16.1,Clear
KATL,2025-03-22 09:00:00,8.9,129.6,16.0,Clear
KATL,2025-03-22 09:52:00,8.3,93.6,16.1,Clear
KATL,2025-03-22 10:52:00,7.2,93.6,16.1,Clear
KATL,2025-03-22 11:52:00,7.2,93.6,16.1,Clear
KATL,2025-03-22 12:00:00,7.2,93.6,16.0,Clear
KATL,2025-03-22 12:52:00,9.4,129.6,16.1,Clear
KATL,2025-03-22 13:52:00,12.2,259.2,16.1,Clear
KATL,2025-03-22 14:52:00,15.0,241.2,16.1,Clear
KATL,2025-03-22 15:00:00,15.0,241.2,16.0,Clear
KATL,2025-03-22 15:52:00,18.3,183.6,16.1,Clear
KATL,2025-03-22 16:52:00,20.6,241.2,16.1,Clear
KATL,2025-03-22 17:52:00,21.7,295.2,16.1,Clear
KATL,2025-03-22 18:00:00,21.7,295.2,16.0,Clear
KATL,2025-03-22 18:52:00,22.8,295.2,16.1,Clear
KATL,2025-03-22 19:52:00,23.3,370.8,16.1,Clear
KATL,2025-03-22 20:52:00,23.3,241.2,16.1,Clear
KATL,2025-03-22 21:00:00,23.3,241.2,16.0,Clear
KATL,2025-03-22 21:52:00,22.8,165.6,16.1,Clear
KATL,2025-03-22 22:52:00,21.7,205.2,16.1,Clear
KATL,2025-03-22 23:52:00,19.4,165.6,16.1,Clear
KATL,2025-03-23 00:00:00,19.4,165.6,16.0,Clear
KATL,2025-03-23 00:52:00,17.2,93.6,16.1,Clear
KATL,2025-03-23 01:52:00,15.6,93.6,16.1,Clear
KATL,2025-03-23 02:52:00,15.0,111.6,16.1,Clear
KATL,2025-03-23 03:00:00,15.0,111.6,16.0,Clear
KATL,2025-03-23 03:52:00,13.3,75.6,16.1,Clear
KATL,2025-03-23 04:52:00,12.8,93.6,16.1,Clear
KATL,2025-03-23 04:59:00,999.9,35996.4,1000.0,Clear
KATL,2025-03-23 05:52:00,12.2,93.6,16.1,Clear
KATL,2025-03-23 06:00:00,12.2,93.6,16.0,Clear
KATL,2025-03-23 06:52:00,11.7,0.0,16.1,Clear
KATL,2025-03-23 07:52:00,11.1,0.0,16.1,Clear
KATL,2025-03-23 08:52:00,10.0,0.0,16.1,Clear
KATL,2025-03-23 09:00:00,10.0,0.0,16.0,Clear
KATL,2025-03-23 09:52:00,8.3,54.0,16.1,Clear
KATL,2025-03-23 10:52:00,8.9,0.0,16.1,Clear
KATL,2025-03-23 11:52:00,8.3,0.0,16.1,Clear
KATL,2025-03-23 12:00:00,8.3,0.0,16.0,Clear
KATL,2025-03-23 12:52:00,12.2,54.0,16.1,Clear
KATL,2025-03-23 13:52:00,15.0,111.6,16.1,Clear
KATL,2025-03-23 14:52:00,17.2,129.6,16.1,Clear
KATL,2025-03-23 15:00:00,17.2,129.6,16.0,Clear
KATL,2025-03-23 15:52:00,19.4,93.6,16.1,Clear
KATL,2025-03-23 16:52:00,21.1,183.6,16.1,Clear
KATL,2025-03-23 17:52:00,22.8,205.2,16.1,Clear
KATL,2025-03-23 18:00:00,22.8,205.2,16.0,Clear
KATL,2025-03-23 18:04:00,23.3,223.2,16.1,Clear
KATL,2025-03-23 18:52:00,23.9,277.2,16.1,Clear
KATL,2025-03-23 19:52:00,24.4,165.6,16.1,Clear
KATL,2025-03-23 20:52:00,25.0,241.2,16.1,Clear
KATL,2025-03-23 21:00:00,25.0,241.2,16.0,Clear
KATL,2025-03-23 21:52:00,24.4,183.6,16.1,Clear
KATL,2025-03-23 22:52:00,23.9,205.2,16.1,Clear
KATL,2025-03-23 23:52:00,22.2,147.6,16.1,Clear
KATL,2025-03-24 00:00:00,22.2,147.6,16.0,Clear
KATL,2025-03-24 00:52:00,20.6,111.6,16.1,Clear
KATL,2025-03-24 01:52:00,19.4,111.6,16.1,Clear
KATL,2025-03-24 02:52:00,18.9,129.6,16.1,Clear
KATL,2025-03-24 03:00:00,18.9,129.6,16.0,Clear
KATL,2025-03-24 03:52:00,18.3,129.6,16.1,Clear
KATL,2025-03-24 04:52:00,18.3,205.2,16.1,Clear
KATL,2025-03-24 04:59:00,999.9,35996.4,1000.0,Clear
KATL,2025-03-24 05:52:00,17.8,205.2,16.1,Clear
KATL,2025-03-24 06:00:00,17.8,205.2,16.0,Clear
KATL,2025-03-24 06:52:00,17.2,241.2,16.1,Clear
KATL,2025-03-24 07:52:00,16.7,165.6,16.1,Clear
KATL,2025-03-24 08:36:00,16.1,129.6,16.1,Clear
KATL,2025-03-24 08:52:00,15.0,129.6,14.5,Clear
KATL,2025-03-24 09:00:00,15.0,129.6,14.0,Clear
KATL,2025-03-24 09:06:00,14.4,129.6,14.5,Clear
KATL,2025-03-24 09:52:00,14.4,93.6,16.1,Clear
KATL,2025-03-24 10:17:00,14.4,75.6,9.7,Clear
KATL,2025-03-24 10:39:00,13.9,147.6,12.9,Clear
KATL,2025-03-24 10:52:00,13.9,93.6,12.9,Clear
KATL,2025-03-24 11:52:00,13.9,129.6,12.9,Clear
KATL,2025-03-24 12:00:00,13.9,129.6,12.0,Clear
KATL,2025-03-24 12:27:00,13.9,129.6,9.7,Clear
KATL,2025-03-24 12:39:00,13.9,165.6,9.7,Clear
KATL,2025-03-24 12:52:00,13.9,165.6,9.7,Clear
KATL,2025-03-24 13:52:00,15.0,183.6,11.3,Clear
KATL,2025-03-24 14:52:00,16.7,129.6,12.9,Clear
KATL,2025-03-24 15:00:00,16.7,129.6,12.0,Clear
KATL,2025-03-24 15:52:00,17.2,183.6,12.9,Clear
KATL,2025-03-24 16:32:00,15.0,334.8,12.9,Clear
KATL,2025-03-24 16:38:00,13.9,277.2,16.1,Clear
KATL,2025-03-24 16:42:00,13.9,277.2,16.1,Clear
KATL,2025-03-24 16:52:00,13.9,223.2,11.3,Clear
KATL,2025-03-24 17:50:00,15.0,205.2,16.1,Clear
KATL,2025-03-24 17:52:00,15.0,223.2,16.1,Clear
KATL,2025-03-24 18:00:00,15.0,223.2,16.0,Clear
KATL,2025-03-24 18:52:00,15.6,129.6,16.1,Clear
KATL,2025-03-24 19:52:00,16.7,183.6,16.1,Clear
KATL,2025-03-24 20:52:00,17.8,147.6,16.1,Clear
KATL,2025-03-24 21:00:00,17.8,147.6,16.0,Clear
KATL,2025-03-24 21:52:00,18.9,223.2,16.1,Clear
KATL,2025-03-24 22:52:00,17.8,129.6,16.1,Clear
KATL,2025-03-24 23:52:00,16.1,75.6,16.1,Clear
KATL,2025-03-25 00:00:00,16.1,75.6,16.0,Clear
KATL,2025-03-25 00:52:00,13.9,93.6,16.1,Clear
KATL,2025-03-25 01:52:00,13.9,75.6,16.1,Clear
KATL,2025-03-25 02:52:00,13.3,54.0,16.1,Clear
KATL,2025-03-25 03:00:00,13.3,54.0,16.0,Clear
KATL,2025-03-25 03:52:00,12.2,111.6,16.1,Clear
KATL,2025-03-25 04:52:00,12.2,111.6,16.1,Clear
KATL,2025-03-25 04:59:00,999.9,35996.4,1000.0,Clear
KATL,2025-03-25 05:52:00,12.2,129.6,16.1,Clear
KATL,2025-03-25 06:00:00,12.2,129.6,16.0,Clear
KATL,2025-03-25 06:52:00,10.6,147.6,16.1,Clear
KATL,2025-03-25 07:52:00,10.0,93.6,16.1,Clear
KATL,2025-03-25 08:52:00,9.4,75.6,16.1,Clear
KATL,2025-03-25 09:00:00,9.4,75.6,16.0,Clear
KATL,2025-03-25 09:52:00,8.3,54.0,16.1,Clear
KATL,2025-03-25 10:52:00,8.3,75.6,16.1,Clear
KATL,2025-03-25 11:52:00,8.9,0.0,16.1,Clear
KATL,2025-03-25 12:00:00,8.9,0.0,16.0,Clear
KATL,2025-03-25 12:52:00,11.1,0.0,16.1,Clear
KATL,2025-03-25 13:52:00,13.9,111.6,16.1,Clear
KATL,2025-03-25 14:52:00,17.8,129.6,16.1,Clear
KATL,2025-03-25 15:00:00,17.8,129.6,16.0,Clear
KATL,2025-03-25 15:52:00,20.0,183.6,16.1,Clear
KATL,2025-03-25 16:52:00,21.1,205.2,16.1,Clear
KATL,2025-03-25 17:52:00,22.8,241.2,16.1,Clear
KATL,2025-03-25 18:00:00,22.8,241.2,16.0,Clear
KATL,2025-03-25 18:52:00,24.4,223.2,16.1,Clear
KATL,2025-03-25 19:52:00,25.0,277.2,16.1,Clear
KATL,2025-03-25 20:52:00,26.1,334.8,16.1,Clear
KATL,2025-03-25 21:00:00,26.1,334.8,16.0,Clear
KATL,2025-03-25 21:52:00,25.6,334.8,16.1,Clear
KATL,2025-03-25 22:52:00,25.0,295.2,16.1,Clear
KATL,2025-03-25 23:52:00,22.8,241.2,16.1,Clear
KATL,2025-03-26 00:00:00,22.8,241.2,16.0,Clear
KATL,2025-03-26 00:52:00,21.1,147.6,16.1,Clear
KATL,2025-03-26 01:52:00,20.0,93.6,16.1,Clear
KATL,2025-03-26 02:52:00,18.9,147.6,16.1,Clear
KATL,2025-03-26 03:00:00,18.9,147.6,16.0,Clear
KATL,2025-03-26 03:52:00,17.2,129.6,16.1,Clear
KATL,2025-03-26 04:52:00,16.7,129.6,16.1,Clear
KATL,2025-03-26 04:59:00,999.9,35996.4,1000.0,Clear
KATL,2025-03-26 05:52:00,15.0,111.6,16.1,Clear
KATL,2025-03-26 06:00:00,15.0,111.6,16.0,Clear
KATL,2025-03-26 06:52:00,13.9,93.6,16.1,Clear
KATL,2025-03-26 07:52:00,13.9,93.6,16.1,Clear
KATL,2025-03-26 08:52:00,12.2,93.6,16.1,Clear
KATL,2025-03-26 09:00:00,12.2,93.6,16.0,Clear
KATL,2025-03-26 09:52:00,12.2,111.6,16.1,Clear
KATL,2025-03-26 10:52:00,12.2,129.6,16.1,Clear
KATL,2025-03-26 11:52:00,11.1,111.6,16.1,Clear
KATL,2025-03-26 12:00:00,11.1,111.6,16.0,Clear
KATL,2025-03-26 12:52:00,13.3,147.6,16.1,Clear
KATL,2025-03-26 13:52:00,16.1,93.6,16.1,Clear
KATL,2025-03-26 14:52:00,17.8,129.6,16.1,Clear
KATL,2025-03-26 15:00:00,17.8,129.6,16.0,Clear
KATL,2025-03-26 15:52:00,20.0,183.6,16.1,Clear
KATL,2025-03-26 16:52:00,20.6,183.6,16.1,Clear
KATL,2025-03-26 17:52:00,21.1,129.6,16.1,Clear
KATL,2025-03-26 18:00:00,21.1,129.6,16.0,Clear
KATL,2025-03-26 18:52:00,22.2,183.6,16.1,Clear
KATL,2025-03-26 19:52:00,22.8,183.6,16.1,Clear
KATL,2025-03-26 20:52:00,23.3,316.8,16.1,Clear
KATL,2025-03-26 21:00:00,23.3,316.8,16.0,Clear
KATL,2025-03-26 21:52:00,22.2,241.2,16.1,Clear
KATL,2025-03-26 22:52:00,21.7,277.2,16.1,Clear
KATL,2025-03-26 23:52:00,20.0,183.6,16.1,Clear
KATL,2025-03-27 00:00:00,20.0,183.6,16.0,Clear
KATL,2025-03-27 00:52:00,18.9,129.6,16.1,Clear
KATL,2025-03-27 01:52:00,18.3,111.6,16.1,Clear
KATL,2025-03-27 02:52:00,17.8,111.6,16.1,Clear
KATL,2025-03-27 03:00:00,17.8,111.6,16.0,Clear
KATL,2025-03-27 03:52:00,16.7,93.6,16.1,Clear
KATL,2025-03-27 04:52:00,15.6,111.6,16.1,Clear
KATL,2025-03-27 04:59:00,999.9,35996.4,1000.0,Clear
KATL,2025-03-27 05:52:00,15.0,0.0,16.1,Clear
KATL,2025-03-27 06:00:00,15.0,0.0,16.0,Clear
KATL,2025-03-27 06:52:00,13.3,0.0,16.1,Clear
KATL,2025-03-27 07:52:00,12.8,75.6,16.1,Clear
KATL,2025-03-27 08:52:00,12.2,54.0,16.1,Clear
KATL,2025-03-27 09:00:00,12.2,54.0,16.0,Clear
KATL,2025-03-27 09:52:00,11.7,93.6,16.1,Clear
KATL,2025-03-27 10:52:00,11.1,111.6,16.1,Clear
KATL,2025-03-27 11:52:00,10.0,129.6,16.1,Clear
KATL,2025-03-27 12:00:00,10.0,129.6,16.0,Clear
KATL,2025-03-27 12:52:00,12.2,129.6,16.1,Clear
KATL,2025-03-27 13:52:00,13.9,129.6,16.1,Clear
KATL,2025-03-27 14:52:00,16.1,147.6,16.1,Clear
KATL,2025-03-27 15:00:00,16.1,147.6,16.0,Clear
KATL,2025-03-27 15:52:00,17.8,111.6,16.1,Clear
KATL,2025-03-27 16:52:00,18.9,111.6,16.1,Clear
KATL,2025-03-27 17:52:00,20.6,93.6,16.1,Clear
KATL,2025-03-27 18:52:00,21.7,93.6,16.1,Clear
KATL,2025-03-27 19:52:00,22.8,0.0,16.1,Clear
KATL,2025-03-27 20:52:00,22.8,93.6,16.1,Clear
KATL,2025-03-27 21:52:00,22.8,93.6,16.1,Clear
KATL,2025-03-27 22:52:00,22.8,75.6,16.1,Clear
KATL,2025-03-27 23:52:00,21.7,75.6,16.1,Clear
KATL,2025-03-28 00:52:00,20.0,75.6,16.1,Clear
KATL,2025-03-28 01:52:00,18.3,75.6,16.1,Clear
KATL,2025-03-28 02:52:00,17.8,54.0,16.1,Clear
KATL,2025-03-28 03:52:00,16.7,54.0,12.9,Clear
KATL,2025-03-28 04:52:00,16.1,54.0,12.9,Clear
KATL,2025-03-28 04:59:00,999.9,35996.4,1000.0,Clear
KATL,2025-03-28 05:52:00,15.6,54.0,12.9,Clear
KATL,2025-03-28 06:00:00,15.6,54.0,12.0,Clear
KATL,2025-03-28 06:52:00,13.9,0.0,11.3,Clear
KATL,2025-03-28 07:52:00,14.4,54.0,12.9,Clear
KATL,2025-03-28 08:52:00,13.3,54.0,12.9,Clear
KATL,2025-03-28 09:00:00,13.3,54.0,12.0,Clear
KATL,2025-03-28 09:52:00,12.8,75.6,12.9,Clear
KATL,2025-03-28 10:52:00,12.2,54.0,14.5,Clear
KATL,2025-03-28 11:52:00,11.7,54.0,16.1,Clear
KATL,2025-03-28 12:00:00,11.7,54.0,16.0,Clear
KATL,2025-03-28 12:52:00,13.3,75.6,16.1,Clear
KATL,2025-03-28 13:52:00,16.7,147.6,16.1,Clear
KATL,2025-03-28 14:52:00,18.9,129.6,16.1,Clear
KATL,2025-03-28 15:52:00,21.7,93.6,16.1,Clear
KATL,2025-03-28 16:52:00,23.9,147.6,16.1,Clear
KATL,2025-03-28 17:52:00,25.0,111.6,16.1,Clear
KATL,2025-03-28 18:00:00,25.0,111.6,16.0,Clear
KATL,2025-03-28 18:52:00,26.1,147.6,16.1,Clear
KATL,2025-03-28 19:52:00,26.7,111.6,16.1,Clear
KATL,2025-03-28 20:52:00,26.7,111.6,16.1,Clear
KATL,2025-03-28 21:00:00,26.7,111.6,16.0,Clear
KATL,2025-03-28 21:52:00,26.7,183.6,16.1,Clear
KATL,2025-03-28 22:52:00,25.6,165.6,16.1,Clear
KATL,2025-03-28 23:52:00,23.9,111.6,16.1,Clear
KATL,2025-03-29 00:00:00,23.9,111.6,16.0,Clear
KATL,2025-03-29 00:52:00,22.2,93.6,16.1,Clear
KATL,2025-03-29 01:52:00,21.1,93.6,16.1,Clear
KATL,2025-03-29 02:52:00,20.6,75.6,16.1,Clear
KATL,2025-03-29 03:00:00,20.6,75.6,16.0,Clear
KATL,2025-03-29 03:52:00,19.4,93.6,16.1,Clear
KATL,2025-03-29 04:52:00,20.0,93.6,16.1,Clear
KATL,2025-03-29 04:59:00,999.9,35996.4,1000.0,Clear
KATL,2025-03-29 05:52:00,19.4,147.6,16.1,Clear
KATL,2025-03-29 06:00:00,19.4,147.6,16.0,Clear
KATL,2025-03-29 06:52:00,19.4,165.6,16.1,Clear
KATL,2025-03-29 07:52:00,18.3,129.6,16.1,Clear
KATL,2025-03-29 08:52:00,17.8,129.6,16.1,Clear
KATL,2025-03-29 09:00:00,17.8,129.6,16.0,Clear
KATL,2025-03-29 09:52:00,17.2,129.6,16.1,Clear
KATL,2025-03-29 10:52:00,17.2,111.6,16.1,Clear
KATL,2025-03-29 11:52:00,17.2,75.6,16.1,Clear
KATL,2025-03-29 12:00:00,17.2,75.6,16.0,Clear
KATL,2025-03-29 12:52:00,17.8,111.6,16.1,Clear
KATL,2025-03-29 13:52:00,18.3,111.6,16.1,Clear
KATL,2025-03-29 14:52:00,19.4,165.6,16.1,Clear
KATL,2025-03-29 15:00:00,19.4,165.6,16.0,Clear
KATL,2025-03-29 15:52:00,20.6,205.2,16.1,Clear
KATL,2025-03-29 16:52:00,21.1,111.6,16.1,Clear
KATL,2025-03-29 17:52:00,21.7,165.6,16.1,Clear
KATL,2025-03-29 18:00:00,21.7,165.6,16.0,Clear
KATL,2025-03-29 18:52:00,21.7,165.6,16.1,Clear
KATL,2025-03-29 19:52:00,22.2,259.2,16.1,Clear
KATL,2025-03-29 20:52:00,22.2,259.2,16.1,Clear
KATL,2025-03-29 21:00:00,22.2,259.2,16.0,Clear
KATL,2025-03-29 21:52:00,22.2,205.2,16.1,Clear
KATL,2025-03-29 22:52:00,22.2,165.6,16.1,Clear
KATL,2025-03-29 23:52:00,21.7,93.6,16.1,Clear
KATL,2025-03-30 00:00:00,21.7,93.6,16.0,Clear
KATL,2025-03-30 00:52:00,21.1,147.6,16.1,Clear
KATL,2025-03-30 01:52:00,20.6,147.6,16.1,Clear
KATL,2025-03-30 02:52:00,20.0,93.6,16.1,Clear
KATL,2025-03-30 03:00:00,20.0,93.6,16.0,Clear
KATL,2025-03-30 03:52:00,19.4,111.6,16.1,Clear
KATL,2025-03-30 04:52:00,18.3,93.6,16.1,Clear
KATL,2025-03-30 04:59:00,999.9,35996.4,1000.0,Clear
KATL,2025-03-30 05:52:00,18.3,165.6,16.1,Clear
KATL,2025-03-30 06:00:00,18.3,165.6,16.0,Clear
KATL,2025-03-30 06:52:00,18.3,147.6,16.1,Clear
KATL,2025-03-30 07:52:00,17.8,165.6,16.1,Clear
KATL,2025-03-30 08:52:00,17.2,111.6,16.1,Clear
KATL,2025-03-30 09:00:00,17.2,111.6,16.0,Clear
KATL,2025-03-30 09:52:00,16.7,111.6,16.1,Clear
KATL,2025-03-30 10:52:00,16.1,93.6,16.1,Clear
KATL,2025-03-30 11:20:00,16.1,93.6,16.1,Clear
KATL,2025-03-30 11:26:00,16.1,111.6,16.1,Clear
KATL,2025-03-30 11:52:00,16.1,129.6,11.3,Clear
KATL,2025-03-30 12:00:00,16.1,129.6,11.0,Clear
KATL,2025-03-30 12:52:00,16.7,75.6,11.3,Clear
KATL,2025-03-30 13:52:00,17.8,54.0,11.3,Clear
KATL,2025-03-30 14:52:00,18.3,93.6,8.0,Clear
KATL,2025-03-30 15:00:00,18.3,93.6,8.0,Clear
KATL,2025-03-30 15:52:00,18.9,111.6,11.3,Clear
KATL,2025-03-30 16:11:00,19.4,111.6,11.3,Clear
KATL,2025-03-30 16:52:00,20.0,147.6,11.3,Clear
KATL,2025-03-30 17:23:00,21.1,129.6,12.9,Clear
KATL,2025-03-30 17:41:00,22.2,129.6,12.9,Clear
KATL,2025-03-30 17:52:00,21.7,93.6,14.5,Clear
KATL,2025-03-30 18:00:00,21.7,93.6,14.0,Clear
KATL,2025-03-30 18:52:00,23.3,129.6,16.1,Clear
KATL,2025-03-30 19:10:00,23.9,165.6,16.1,Clear
KATL,2025-03-30 19:52:00,23.9,165.6,16.1,Clear
KATL,2025-03-30 20:52:00,24.4,129.6,16.1,Clear
KATL,2025-03-30 21:00:00,24.4,129.6,16.0,Clear
KATL,2025-03-30 21:52:00,23.9,241.2,16.1,Clear
KATL,2025-03-30 22:52:00,22.8,165.6,16.1,Clear
KATL,2025-03-30 23:52:00,21.7,183.6,16.1,Clear
KATL,2025-03-31 00:00:00,21.7,183.6,16.0,Clear
KATL,2025-03-31 00:52:00,21.1,205.2,16.1,Clear
KATL,2025-03-31 01:52:00,20.6,165.6,16.1,Clear
KATL,2025-03-31 02:52:00,20.0,129.6,16.1,Clear
KATL,2025-03-31 03:00:00,20.0,129.6,16.0,Clear
KATL,2025-03-31 03:09:00,19.4,129.6,16.1,Clear
KATL,2025-03-31 03:17:00,19.4,147.6,16.1,Clear
KATL,2025-03-31 03:52:00,19.4,205.2,16.1,Clear
KATL,2025-03-31 04:52:00,19.4,129.6,16.1,Clear
KATL,2025-03-31 04:59:00,999.9,35996.4,1000.0,Clear
KATL,2025-03-31 05:52:00,19.4,111.6,11.3,Clear
KATL,2025-03-31 06:00:00,19.4,111.6,11.0,Clear
KATL,2025-03-31 06:52:00,19.4,75.6,11.3,Clear
KATL,2025-03-31 07:50:00,19.0,111.6,9.7,Clear
KATL,2025-03-31 07:52:00,18.9,93.6,9.7,Clear
KATL,2025-03-31 08:14:00,18.9,93.6,9.7,Clear
KATL,2025-03-31 08:47:00,19.0,93.6,11.3,Clear
KATL,2025-03-31 08:52:00,18.9,93.6,11.3,Clear
KATL,2025-03-31 09:00:00,18.9,93.6,11.0,Clear
KATL,2025-03-31 09:52:00,18.9,111.6,11.3,Clear
KATL,2025-03-31 10:11:00,18.9,111.6,11.3,Clear
KATL,2025-03-31 10:17:00,18.9,129.6,11.3,Clear
KATL,2025-03-31 10:52:00,18.9,129.6,11.3,Clear
KATL,2025-03-31 11:31:00,18.9,111.6,8.0,Clear
KATL,2025-03-31 11:37:00,18.9,93.6,1.6,Clear
KATL,2025-03-31 11:52:00,18.9,93.6,1.6,Clear
KATL,2025-03-31 12:00:00,18.9,93.6,1.6,Clear
KATL,2025-03-31 12:44:00,19.4,129.6,9.7,Clear
KATL,2025-03-31 12:52:00,19.4,147.6,9.7,Clear
KATL,2025-03-31 13:52:00,19.4,183.6,6.4,Clear
KATL,2025-03-31 14:52:00,20.0,129.6,4.8,Clear
KATL,2025-03-31 15:00:00,20.0,129.6,4.8,Clear
KATL,2025-03-31 15:52:00,20.6,111.6,9.7,Clear
KATL,2025-03-31 16:49:00,21.0,129.6,11.3,Clear
KATL,2025-03-31 16:52:00,20.6,111.6,4.8,Clear
KATL,2025-03-31 16:58:00,20.0,446.4,1.6,Clear
KATL,2025-03-31 17:10:00,17.2,241.2,3.2,Clear
KATL,2025-03-31 17:13:00,17.2,259.2,4.8,Clear
KATL,2025-03-31 17:52:00,17.2,129.6,8.0,Clear
KATL,2025-03-31 18:00:00,17.2,129.6,8.0,Clear
KATL,2025-03-31 18:19:00,17.2,75.6,16.1,Clear
KATL,2025-03-31 18:52:00,17.8,54.0,16.1,Clear
KATL,2025-03-31 19:04:00,17.8,93.6,16.1,Clear
KATL,2025-03-31 19:31:00,17.8,93.6,16.1,Clear
KATL,2025-03-31 19:52:00,18.3,129.6,16.1,Clear
KATL,2025-03-31 20:52:00,20.6,147.6,16.1,Clear
KATL,2025-03-31 21:00:00,20.6,147.6,16.0,Clear
KATL,2025-03-31 21:10:00,20.6,223.2,16.1,Clear
KATL,2025-03-31 21:30:00,20.6,165.6,16.1,Clear
KATL,2025-03-31 21:52:00,20.6,205.2,16.1,Clear
KATL,2025-03-31 22:31:00,20.6,183.6,16.1,Clear
KATL,2025-03-31 22:52:00,20.6,165.6,16.1,Clear
KATL,2025-03-31 23:02:00,20.6,147.6,16.1,Clear
KATL,2025-03-31 23:33:00,20.6,129.6,16.1,Clear
KATL,2025-03-31 23:52:00,20.6,111.6,16.1,Clear
